James,Smith,£40.00
John,Jones,£20.00
Michael,William,£20.00
Robert,Taylor,£20.00
William,Davies,£30.00
David,Brown,£25.00
Richard,Wilson,£40.00
Charles,Evans,£30.00
Joseph,Thomas,£40.00
Christopher,Jonson,£30.00
Daniel,Roberts,£25.00
Paul,Walker,£30.00
Mark,Wright,£25.00
Donald,Robinson,£20.00
George,Thompson,£30.00
Kenneth,White,£30.00
Steven,Hughes,£15.00
Edward,Edwards,£30.00
Brian,Green,£30.00
Ronald,Lewis,£3.00
Anthony,Wood,£20.00
Kevin,Harris,£30.00
Jason,Jackson,£30.00
Matthew,Clarke,£25.00
Gary,Richardson,£20.00
Timothy,Charlson,£40.00